Organism Scientific Name	Organism Common Name	Organism Qualifier	Taxonomy id	Assembly Name	Assembly Accession	Source	Annotation	Level	Contig N50	Size	Submission Date	Gene Count	BioProject	BioSample
Microcystis aeruginosa NIES-2481		strain: NIES-2481	1698524	ASM170495v2	GCA_001704955.2	GenBank	From INSDC submitter	Complete Genome	4293006	4440545	2018-01-22	4503	PRJNA291808	SAMN03955402
Prochlorococcus marinus subsp. marinus str. CCMP1375		strain: CCMP1375; SS120	167539	ASM792v1	GCF_000007925.1	RefSeq	From INSDC submitter	Complete Genome	1751080	1751080	2003-07-25	1894	PRJNA419	SAMN02603142
Nostoc sp. PCC 7120 = FACHB-418		strain: PCC 7120	103690	ASM970v1	GCF_000009705.1	RefSeq	From INSDC submitter	Complete Genome	6413771	7211789	2004-05-11	6098	PRJNA244	SAMD00061094
Synechocystis sp. PCC 6803		strain: PCC 6803	1148	ASM972v1	GCF_000009725.1	RefSeq	From INSDC submitter	Complete Genome	3573470	3947019	2004-05-11	3694	PRJNA60	SAMD00061113
Synechococcus elongatus PCC 6301		strain: PCC 6301	269084	ASM1006v1	GCF_000010065.1	RefSeq	From INSDC submitter	Complete Genome	2696255	2696255	2004-12-16	2718	PRJNA13282	SAMD00061073
Microcystis aeruginosa NIES-843		strain: NIES-843	449447	ASM1062v1	GCF_000010625.1	RefSeq	From INSDC submitter	Complete Genome	5842795	5842795	2008-01-24	5695	PRJDA27835	SAMD00060936
Thermosynechococcus elongatus BP-1		strain: BP-1	197221	ASM1134v1	GCF_000011345.1	RefSeq	From INSDC submitter	Complete Genome	2593857	2593857	2004-05-11	2528	PRJNA308	SAMD00061106
Gloeobacter violaceus PCC 7421		strain: PCC 7421	251221	ASM1138v1	GCF_000011385.1	RefSeq	From INSDC submitter	Complete Genome	4659019	4659019	2003-10-03	4575	PRJNA9606	SAMD00061120
Prochlorococcus marinus subsp. pastoris str. CCMP1986		strain: MED4	59919	ASM1146v1	GCF_000011465.1	RefSeq	From INSDC submitter	Complete Genome	1657990	1657990	2003-08-18	1908	PRJNA213	SAMEA3138209
Prochlorococcus marinus str. MIT 9313		strain: MIT9313	74547	ASM1148v1	GCF_000011485.1	RefSeq	From INSDC submitter	Complete Genome	2410873	2410873	2003-08-18	2451	PRJNA220	SAMEA3138210
Prochlorococcus marinus str. NATL2A		strain: NATL2A	59920	ASM1246v1	GCF_000012465.1	RefSeq	From INSDC submitter	Complete Genome	1842899	1842899	2007-08-09	2086	PRJNA13911	SAMN00623057
Synechococcus sp. CC9902		strain: CC9902	316279	ASM1250v1	GCF_000012505.1	RefSeq	From INSDC submitter	Complete Genome	2234828	2234828	2005-10-26	2426	PRJNA13655	SAMN02598312
Synechococcus elongatus PCC 7942 = FACHB-805		strain: PCC 7942	1140	ASM1252v1	GCF_000012525.1	RefSeq	From INSDC submitter	Complete Genome	2695903	2742269	2005-11-08	2758	PRJNA10645	SAMN02598254
Synechococcus sp. CC9605		strain: CC9605	110662	ASM1262v1	GCF_000012625.1	RefSeq	From INSDC submitter	Complete Genome	2510659	2510659	2005-10-27	2807	PRJNA13643	SAMN02598311
Prochlorococcus marinus str. MIT 9312		strain: MIT 9312	74546	ASM1264v1	GCF_000012645.1	RefSeq	From INSDC submitter	Complete Genome	1709204	1709204	2005-11-02	1903	PRJNA13910	SAMN02598321
Synechococcus sp. JA-3-3Ab		strain: JA-3-3Ab	321327	ASM1320v1	GCF_000013205.1	RefSeq	From INSDC submitter	Complete Genome	2932766	2932766	2006-02-06	2794	PRJNA16251	SAMN02604048
Synechococcus sp. JA-2-3B'a(2-13)		strain: JA-2-3B'a(2-13)	321332	ASM1322v1	GCF_000013225.1	RefSeq	From INSDC submitter	Complete Genome	3046682	3046682	2006-02-06	2798	PRJNA16252	SAMN02604049
Trichodesmium erythraeum IMS101		strain: IMS101	203124	ASM1426v1	GCF_000014265.1	RefSeq	From INSDC submitter	Complete Genome	7750108	7750108	2006-07-06	5310	PRJNA318	SAMN02598485
Synechococcus sp. CC9311		strain: CC9311	64471	ASM1458v1	GCF_000014585.1	RefSeq	From INSDC submitter	Complete Genome	2606748	2606748	2006-09-01	2749	PRJNA12530	SAMN02604031
Prochlorococcus marinus str. AS9601		strain: AS9601	146891	ASM1564v1	GCF_000015645.1	RefSeq	From INSDC submitter	Complete Genome	1669886	1669886	2007-01-19	1884	PRJNA13548	SAMN02603921
Prochlorococcus marinus str. MIT 9515		strain: MIT 9515	167542	ASM1566v1	GCF_000015665.1	RefSeq	From INSDC submitter	Complete Genome	1704176	1704176	2007-01-19	1901	PRJNA13617	SAMN02603924
Prochlorococcus marinus str. NATL1A		strain: NATL1A	167555	ASM1568v1	GCF_000015685.1	RefSeq	From INSDC submitter	Complete Genome	1864731	1864731	2007-01-22	2118	PRJNA15660	SAMN02603287
Prochlorococcus marinus str. MIT 9301		strain: MIT 9301	167546	ASM1596v1	GCF_000015965.1	RefSeq	From INSDC submitter	Complete Genome	1641879	1641879	2007-03-05	1883	PRJNA15746	SAMN02603288
Crocosphaera subtropica ATCC 51142		strain: ATCC 51142	43989	ASM1784v1	GCF_000017845.1	RefSeq	From INSDC submitter	Complete Genome	4934271	5460377	2008-04-01	5063	PRJNA20319	SAMN02604312
Prochlorococcus marinus str. MIT 9215		strain: MIT 9215	93060	ASM1806v1	GCF_000018065.1	RefSeq	From INSDC submitter	Complete Genome	1738790	1738790	2007-09-20	1965	PRJNA18633	SAMN02598410
Acaryochloris marina MBIC11017		strain: MBIC11017	329726	ASM1810v1	GCF_000018105.1	RefSeq	From INSDC submitter	Complete Genome	6503724	8361599	2007-10-16	7580	PRJNA12997	SAMN02604308
Synechococcus sp. PCC 7002		strain: PCC 7002; ATCC 27264	32049	ASM1948v1	GCF_000019485.1	RefSeq	From INSDC submitter	Complete Genome	3008047	3409935	2008-03-14	3253	PRJNA28247	SAMN01081740
Nostoc punctiforme PCC 73102		strain: ATCC 29133; PCC 73102	63737	ASM2002v1	GCF_000020025.1	RefSeq	From INSDC submitter	Complete Genome	8234322	9059191	2008-04-24	7584	PRJNA216	SAMN02598449
Rippkaea orientalis PCC 8801		strain: PCC 8801	41431	ASM2180v1	GCF_000021805.1	RefSeq	From INSDC submitter	Complete Genome	4679413	4787694	2008-12-17	4531	PRJNA20503	SAMN00000280
Gloeothece citriformis PCC 7424		strain: PCC 7424	65393	ASM2182v1	GCF_000021825.1	RefSeq	From INSDC submitter	Complete Genome	5942652	6554169	2008-12-17	5879	PRJNA20479	SAMN00000286
Cyanothece sp. PCC 7425		strain: PCC 7425	395961	ASM2204v1	GCF_000022045.1	RefSeq	From INSDC submitter	Complete Genome	5374574	5786110	2009-01-09	5437	PRJNA28337	SAMN00000655
Rippkaea orientalis PCC 8802		strain: PCC 8802	395962	ASM2404v1	GCF_000024045.1	RefSeq	From INSDC submitter	Complete Genome	4669813	4803347	2009-08-26	4588	PRJNA28339	SAMN00000634
Candidatus Atelocyanobacterium thalassa isolate ALOHA		isolate: ALOHA	1453429	ASM2512v1	GCF_000025125.1	RefSeq	From INSDC submitter	Complete Genome	1443806	1443806	2010-01-28	1219	PRJNA30917	SAMN02641594
Gloeothece verrucosa PCC 7822		strain: PCC 7822	497965	ASM14733v1	GCF_000147335.1	RefSeq	From INSDC submitter	Complete Genome	6091620	7841948	2010-09-15	7000	PRJNA28535	SAMN00000663
Synechococcus sp. WH 8109		strain: WH 8109	166314	ASM16179v2	GCF_000161795.2	RefSeq	From INSDC submitter	Complete Genome	2111515	2111515	2014-01-09	2363	PRJNA37911	SAMN02436260
Synechococcus sp. CB0101		strain: CB0101	232348	ASM17923v2	GCF_000179235.2	RefSeq	From INSDC submitter	Complete Genome	2789647	2789647	2019-04-30	3073	PRJNA46501	SAMN00010394
Synechococcus sp. WH 8102		strain: WH 8102	84588	ASM19597v1	GCF_000195975.1	RefSeq	From INSDC submitter	Complete Genome	2434428	2434428	2003-08-18	2676	PRJNA230	SAMEA3138327
'Nostoc azollae' 0708		strain: 0708	551115	ASM19651v1	GCF_000196515.1	RefSeq	From INSDC submitter	Complete Genome	5354700	5486145	2010-06-14	5194	PRJNA30807	SAMN02598476
Trichormus variabilis ATCC 29413		strain: ATCC 29413	240292	ASM20407v1	GCF_000204075.1	RefSeq	From INSDC submitter	Complete Genome	6365727	7105752	2005-09-15	5951	PRJNA10642	SAMN02598253
Synechocystis sp. PCC 6803 substr. GT-I			1080228	ASM28413v1	GCF_000284135.1	RefSeq	From INSDC submitter	Complete Genome	3570004	3570004	2011-12-01	3308	PRJDA72559	SAMD00061000
Synechocystis sp. PCC 6803 substr. PCC-N			1080229	ASM28421v1	GCF_000284215.1	RefSeq	From INSDC submitter	Complete Genome	3570103	3570103	2011-12-01	3309	PRJDA72561	SAMD00061001
Synechocystis sp. PCC 6803 substr. PCC-P			1080230	ASM28445v1	GCF_000284455.1	RefSeq	From INSDC submitter	Complete Genome	3570114	3570114	2011-12-01	3307	PRJDA72557	SAMD00060999
Anabaena sp. 90		strain: 90	46234	ASM31270v1	GCF_000312705.1	RefSeq	From INSDC submitter	Complete Genome	4329264	5305675	2012-11-13	4913	PRJNA30803	SAMN02604187
Cyanobium gracile PCC 6307		strain: PCC 6307	292564	ASM31651v1	GCF_000316515.1	RefSeq	From INSDC submitter	Complete Genome	3342364	3342364	2012-12-04	3403	PRJNA158695	SAMN02261330
Calothrix sp. PCC 7507		strain: PCC 7507	99598	ASM31657v1	GCF_000316575.1	RefSeq	From INSDC submitter	Complete Genome	7023215	7023215	2012-12-04	6084	PRJNA158683	SAMN02261328
Leptolyngbya sp. PCC 7376			111781	ASM31660v1	GCF_000316605.1	RefSeq	From INSDC submitter	Complete Genome	5125950	5125950	2012-12-04	4627	PRJNA43487	SAMN02232033
Nostoc sp. PCC 7107		strain: PCC 7107	317936	ASM31662v1	GCF_000316625.1	RefSeq	From INSDC submitter	Complete Genome	6329823	6329823	2012-12-04	5468	PRJNA158705	SAMN02261332
Nostoc sp. PCC 7524		strain: PCC 7524	28072	ASM31664v1	GCF_000316645.1	RefSeq	From INSDC submitter	Complete Genome	6635030	6718869	2012-12-04	5627	PRJNA158707	SAMN02261333
Rivularia sp. PCC 7116		strain: PCC 7116	373994	ASM31666v1	GCF_000316665.1	RefSeq	From INSDC submitter	Complete Genome	8698463	8728773	2012-12-04	6745	PRJNA63147	SAMN02232049
Synechococcus sp. PCC 6312		strain: PCC 6312	195253	ASM31668v1	GCF_000316685.1	RefSeq	From INSDC submitter	Complete Genome	3697276	3720499	2012-12-04	3707	PRJNA158717	SAMN02261337
Pleurocapsa sp. PCC 7327		strain: PCC 7327	118163	ASM31702v1	GCF_000317025.1	RefSeq	From INSDC submitter	Complete Genome	4986817	4986817	2012-12-05	4596	PRJNA158829	SAMN02261346
Geitlerinema sp. PCC 7407		strain: PCC 7407	1173025	ASM31704v1	GCF_000317045.1	RefSeq	From INSDC submitter	Complete Genome	4681111	4681111	2012-12-05	3900	PRJNA158833	SAMN02261348
Pseudanabaena sp. PCC 7367		strain: PCC 7367	82654	ASM31706v1	GCF_000317065.1	RefSeq	From INSDC submitter	Complete Genome	4557046	4885680	2012-12-05	3972	PRJNA158713	SAMN02261336
Synechococcus sp. PCC 7502		strain: PCC 7502	1173263	ASM31708v1	GCF_000317085.1	RefSeq	From INSDC submitter	Complete Genome	3510253	3583735	2012-12-05	3705	PRJNA159509	SAMN02261356
Oscillatoria acuminata PCC 6304		strain: PCC 6304	56110	ASM31710v1	GCF_000317105.1	RefSeq	From INSDC submitter	Complete Genome	7689443	7804270	2012-12-05	6075	PRJNA158709	SAMN02261334
Chroococcidiopsis thermalis PCC 7203		strain: PCC 7203	251229	ASM31712v1	GCF_000317125.1	RefSeq	From INSDC submitter	Complete Genome	6315792	6689401	2012-12-05	6147	PRJNA38119	SAMN02261359
Calothrix sp. PCC 6303		strain: PCC 6303	1170562	ASM31743v1	GCF_000317435.1	RefSeq	From INSDC submitter	Complete Genome	6767834	6960392	2012-12-06	5741	PRJNA158041	SAMN02261327
Oscillatoria nigro-viridis PCC 7112		strain: PCC 7112	179408	ASM31747v1	GCF_000317475.1	RefSeq	From INSDC submitter	Complete Genome	7479014	8272254	2012-12-06	6941	PRJNA158711	SAMN02261335
Crinalium epipsammum PCC 9333		strain: PCC 9333	1173022	ASM31749v1	GCF_000317495.1	RefSeq	From INSDC submitter	Complete Genome	5315554	5620407	2012-12-06	5046	PRJNA158835	SAMN02261349
Microcoleus sp. PCC 7113		strain: PCC 7113	1173027	ASM31751v1	GCF_000317515.1	RefSeq	From INSDC submitter	Complete Genome	7470429	7966510	2012-12-06	6719	PRJNA158839	SAMN02261351
Gloeocapsa sp. PCC 7428		strain: PCC 7428	1173026	ASM31755v1	GCF_000317555.1	RefSeq	From INSDC submitter	Complete Genome	5431448	5882710	2012-12-06	5262	PRJNA158831	SAMN02261347
Stanieria cyanosphaera PCC 7437		strain: PCC 7437	111780	ASM31757v1	GCF_000317575.1	RefSeq	From INSDC submitter	Complete Genome	5041209	5544990	2012-12-06	5015	PRJNA158877	SAMN02261352
Dactylococcopsis salina PCC 8305		strain: PCC 8305	13035	ASM31761v1	GCF_000317615.1	RefSeq	From INSDC submitter	Complete Genome	3781008	3781008	2012-12-07	3757	PRJNA158703	SAMN02261331
Halothece sp. PCC 7418		strain: PCC 7418	65093	ASM31763v1	GCF_000317635.1	RefSeq	From INSDC submitter	Complete Genome	4179170	4179170	2012-12-07	3901	PRJNA40817	SAMN02232029
Cyanobacterium aponinum PCC 10605		strain: PCC 10605	755178	ASM31767v1	GCF_000317675.1	RefSeq	From INSDC submitter	Complete Genome	4114099	4176973	2012-12-07	3584	PRJNA158691	SAMN02261329
Anabaena cylindrica PCC 7122		strain: PCC 7122	272123	ASM31769v1	GCF_000317695.1	RefSeq	From INSDC submitter	Complete Genome	6395836	7063285	2012-12-07	6152	PRJNA43355	SAMN02232008
Synechocystis sp. PCC 6803		strain: PCC 6803	1148	ASM34078v1	GCF_000340785.1	RefSeq	From INSDC submitter	Complete Genome	3569561	3949306	2013-02-19	3695	PRJNA80481	SAMN02603388
Synechocystis sp. PCC 6714		strain: PCC 6714	1147	ASM47882v2	GCF_000478825.2	RefSeq	From INSDC submitter	Complete Genome	3485441	3738889	2014-07-09	3500	PRJNA176824	SAMN02471775
Gloeobacter kilaueensis JS1		strain: JS1	1183438	ASM48453v1	GCF_000484535.1	RefSeq	From INSDC submitter	Complete Genome	4724791	4724791	2013-10-28	4529	PRJNA162637	SAMN02604186
Calothrix sp. 336/3		strain: 336/3	1337936	ASM73489v2	GCF_000734895.2	RefSeq	From INSDC submitter	Complete Genome	6283267	6420126	2015-05-06	5467	PRJNA255071	SAMN02909965
Synechococcus sp. KORDI-100		strain: KORDI-100	1280380	ASM73753v1	GCF_000737535.1	RefSeq	From INSDC submitter	Complete Genome	2789000	2789000	2014-08-04	2963	PRJNA207982	SAMN02202183
Synechococcus sp. KORDI-49		strain: KORDI-49	585423	ASM73757v1	GCF_000737575.1	RefSeq	From INSDC submitter	Complete Genome	2585813	2585813	2014-08-04	2669	PRJNA207983	SAMN02202184
Synechococcus sp. KORDI-52		strain: KORDI-52	585425	ASM73759v1	GCF_000737595.1	RefSeq	From INSDC submitter	Complete Genome	2572069	2572069	2014-08-04	2748	PRJNA207984	SAMN02202185
Prochlorococcus sp. MIT 0604		strain: MIT 0604	1501268	ASM75784v1	GCF_000757845.1	RefSeq	From INSDC submitter	Complete Genome	1780061	1780061	2014-09-25	2038	PRJNA246696	SAMN02769551
Prochlorococcus sp. MIT 0801		strain: MIT 0801	1501269	ASM75786v1	GCF_000757865.1	RefSeq	From INSDC submitter	Complete Genome	1929203	1929203	2014-09-25	2172	PRJNA246696	SAMN02769563
Synechococcus sp. UTEX 2973		strain: UTEX 2973	1350461	ASM81732v1	GCF_000817325.1	RefSeq	From INSDC submitter	Complete Genome	2690418	2744626	2015-01-09	2759	PRJNA209528	SAMN03278348
cyanobacterium endosymbiont of Epithemia turgida isolate EtSB Lake Yunoko		isolate: ETSB Lake Yunoko	1228987	ASM82923v1	GCF_000829235.1	RefSeq	From INSDC submitter	Complete Genome	2794318	2794318	2014-07-23	1850	PRJDB498	SAMD00061037
Microcystis aeruginosa NIES-2549		strain: NIES-2549	1641812	ASM98178v2	GCF_000981785.2	RefSeq	From INSDC submitter	Complete Genome	4294213	4301200	2018-01-30	4046	PRJNA280892	SAMN03480410
Synechococcus sp. WH 8103		isolate: WH 8103	29410	WH8103.1	GCF_001182765.1	RefSeq	From INSDC submitter	Complete Genome	2429688	2429688	2015-07-10	2648	PRJEB8389	SAMEA3233744
Anabaena sp. WA102		strain: WA102	1647413	ASM127729v1	GCF_001277295.1	RefSeq	From INSDC submitter	Complete Genome	5705437	5782034	2015-09-01	5294	PRJNA282166	SAMN03568000
Synechococcus sp. PCC 73109		strain: PCC 73109	374982	ASM152185v1	GCF_001521855.1	RefSeq	From INSDC submitter	Complete Genome	3025472	3298676	2016-01-21	3146	PRJNA308952	SAMN04422304
Geminocystis sp. NIES-3708		strain: NIES-3708	1615909	Gm3709_assembly_1.0	GCF_001548095.1	RefSeq	From INSDC submitter	Complete Genome	3883409	4042078	2015-03-18	3607	PRJDB3512	SAMD00025579
Geminocystis sp. NIES-3709		strain: NIES-3709	1617448	Gm3709_assembly_1.0	GCF_001548115.1	RefSeq	From INSDC submitter	Complete Genome	4150181	4426059	2015-03-18	3883	PRJDB3579	SAMD00027151
Nostoc sp. NIES-3756		strain: NIES-3756	1751286	ASM154837v1	GCF_001548375.1	RefSeq	From INSDC submitter	Complete Genome	6463965	6987571	2015-11-18	6042	PRJDB4341	SAMD00042755
Leptolyngbya sp. O-77		strain: O-77	1080068	ASM154839v1	GCF_001548395.1	RefSeq	From INSDC submitter	Complete Genome	5480261	5480261	2016-01-29	4770	PRJDB4517	SAMD00045841
Leptolyngbya sp. NIES-3755		strain: NIES-3755	1752064	ASM154843v1	GCF_001548435.1	RefSeq	From INSDC submitter	Complete Genome	6244812	6761657	2015-12-17	6603	PRJDB4349	SAMD00042786
Fischerella sp. NIES-3754		strain: NIES-3754	1752063	ASM154845v1	GCF_001548455.1	RefSeq	From INSDC submitter	Complete Genome	5821603	5826863	2015-12-17	4944	PRJDB4348	SAMD00042785
Synechococcus sp. PCC 7003		strain: PCC 7003	374981	ASM169325v1	GCF_001693255.1	RefSeq	From INSDC submitter	Complete Genome	3057091	3345085	2016-07-25	3188	PRJNA308952	SAMN04422302
Synechococcus sp. PCC 7117		strain: PCC 7117	195498	ASM169327v1	GCF_001693275.1	RefSeq	From INSDC submitter	Complete Genome	3087720	3432101	2016-07-25	3284	PRJNA308952	SAMN04422303
Synechococcus sp. PCC 8807		strain: PCC 8807	195248	ASM169329v1	GCF_001693295.1	RefSeq	From INSDC submitter	Complete Genome	3059495	3304088	2016-07-25	3194	PRJNA308952	SAMN04422305
Microcystis aeruginosa NIES-2481		strain: NIES-2481	1698524	ASM170495v1	GCF_001704955.1	RefSeq		Complete Genome	4293006	4293006	2016-08-15		PRJNA291808	SAMN03955402
Moorea producens PAL-8-15-08-1		strain: PAL-8-15-08-1	1458985	ASM176723v1	GCF_001767235.1	RefSeq	From INSDC submitter	Complete Genome	9673108	9708656	2016-10-18	8089	PRJNA345358	SAMN05826283
Synechococcus sp. SynAce01		strain: SynAce01	1916956	ASM188521v1	GCF_001885215.1	RefSeq	From INSDC submitter	Complete Genome	2750634	2750634	2016-11-22	2888	PRJNA352894	SAMN06006676
Halomicronema hongdechloris C2206		strain: C2206	1641165	ASM207528v3	GCF_002075285.3	RefSeq	From INSDC submitter	Complete Genome	5577845	5577845	2019-01-25	5144	PRJNA280640	SAMN03466112
Microcystis aeruginosa PCC 7806SL		strain: PCC 7806SL	1903187	ASM209597v1	GCF_002095975.1	RefSeq	From INSDC submitter	Complete Genome	5139339	5139339	2017-04-18	4877	PRJNA343379	SAMN05786724
Leptolyngbya boryana IAM M-101		strain: IAM M-101	411966	ASM214247v1	GCF_002142475.1	RefSeq	From INSDC submitter	Complete Genome	6176364	6803468	2015-02-14	6398	PRJDB706	SAMD00019988
Leptolyngbya boryana dg5		strain: dg5	1260963	ASM214249v1	GCF_002142495.1	RefSeq	From INSDC submitter	Complete Genome	6176365	6803469	2015-02-14	6398	PRJDB706	SAMD00019989
Stanieria sp. NIES-3757		strain: NIES-3757	1807358	ASM235545v1	GCF_002355455.1	RefSeq	From INSDC submitter	Complete Genome	5319768	5463308	2016-03-08	4926	PRJDB4607	SAMD00047668
Synechococcus sp. NIES-970		strain: NIES-970	1827144	ASM235621v1	GCF_002356215.1	RefSeq	From INSDC submitter	Complete Genome	2836539	3123859	2017-02-08	2958	PRJDB4740	SAMD00051107
Calothrix sp. NIES-2098		strain: NIES-2098	1954171	ASM236817v1	GCF_002368175.1	RefSeq	From INSDC submitter	Complete Genome	8656060	8878628	2017-06-25	7386	PRJDB5665	SAMD00079805
Leptolyngbya boryana NIES-2135		strain: NIES-2135	1973484	ASM236825v1	GCF_002368255.1	RefSeq	From INSDC submitter	Complete Genome	6255463	7233668	2017-06-25	6757	PRJDB5665	SAMD00079812
Chondrocystis sp. NIES-4102		strain: NIES-4102	2005460	ASM236835v1	GCF_002368355.1	RefSeq	From INSDC submitter	Complete Genome	4516676	5002520	2017-06-25	4367	PRJDB5665	SAMD00081172
Calothrix sp. NIES-4101		strain: NIES-4101	2005461	ASM236837v1	GCF_002368375.1	RefSeq		Complete Genome	7235916	10561507	2017-06-25		PRJDB5665	SAMD00081173
Calothrix sp. NIES-3974		strain: NIES-3974	2005462	ASM236839v1	GCF_002368395.1	RefSeq	From INSDC submitter	Complete Genome	5985875	5985875	2017-06-25	4770	PRJDB5665	SAMD00081174
Calothrix sp. NIES-4071		strain: NIES-4071	2005469	ASM236845v1	GCF_002368455.1	RefSeq	From INSDC submitter	Complete Genome	11064963	12049274	2017-06-25	10691	PRJDB5665	SAMD00081178
Synechococcus lividus PCC 6715		strain: PCC 6715	1917166	ASM275493v1	GCF_002754935.1	RefSeq	From INSDC submitter	Complete Genome	2659739	2659739	2017-11-06	2627	PRJNA352894	SAMN06008796
Nostoc flagelliforme CCNUN1		strain: CCNUN1	2038116	ASM281357v1	GCF_002813575.1	RefSeq	From INSDC submitter	Complete Genome	8363872	10231233	2017-12-07	9603	PRJNA407846	SAMN07658063
Nostoc sp. CENA543		strain: CENA543	1869241	ASM289687v1	GCF_002896875.1	RefSeq	From INSDC submitter	Complete Genome	6990729	7207640	2018-01-24	6068	PRJNA401388	SAMN07604078
Nostoc sp. 'Peltigera membranacea cyanobiont' N6		strain: N6	1261031	ASM294973v1	GCF_002949735.1	RefSeq	From INSDC submitter	Complete Genome	8214648	8898590	2018-02-26	7663	PRJNA279350	SAMN03445855
Nostoc sp. 'Lobaria pulmonaria (5183) cyanobiont'		strain: 5183	1618022	ASM294979v1	GCF_002949795.1	RefSeq	From INSDC submitter	Complete Genome	7061466	7339908	2018-02-26	6565	PRJNA275880	SAMN03354403
Synechocystis sp. IPPAS B-1465		strain: IPPAS B-1465	2116702	ASM301522v1	GCF_003015225.1	RefSeq	From INSDC submitter	Complete Genome	3574310	3950993	2018-03-26	3694	PRJNA438225	SAMN08708127
Microcystis sp. MC19		strain: MC19	1967666	ASM301973v1	GCF_003019735.1	RefSeq	From INSDC submitter	Complete Genome	5020243	5020243	2018-03-27	4852	PRJNA378573	SAMN06554445
Nodularia spumigena UHCC 0039		strain: UHCC 0039	1914872	ASM305447v1	GCF_003054475.1	RefSeq	From INSDC submitter	Complete Genome	5294286	5386612	2018-04-17	4694	PRJNA352241	SAMN05967630
Nostoc sphaeroides		strain: Kutzing En	446679	ASM344365v1	GCF_003443655.1	RefSeq	From INSDC submitter	Complete Genome	6531820	6684490	2018-09-04	5970	PRJNA488142	SAMN09925536
Thermosynechococcus elongatus PKUAC-SCTE542		strain: PKUAC-SCTE542	2016101	ASM355550v2	GCF_003555505.1	RefSeq	From INSDC submitter	Complete Genome	2650294	2650294	2020-07-23	2591	PRJNA489155	SAMN09949183
cyanobacterium endosymbiont of Rhopalodia gibberula		isolate: RgSB	1763363	ASM357413v1	GCF_003574135.1	RefSeq	From INSDC submitter	Complete Genome	3020309	3020309	2017-10-17	1996	PRJDB4388	SAMD00083434
Microcystis viridis NIES-102		strain: NIES-102	213615	ASM394530v1	GCF_003945305.1	RefSeq	From INSDC submitter	Complete Genome	5874197	5874197	2018-11-22	5754	PRJDB6539	SAMD00106498
Synechococcus elongatus UTEX 3055		strain: UTEX 3055	2479200	ASM395780v1	GCF_003957805.1	RefSeq	From INSDC submitter	Complete Genome	2767524	2881223	2018-12-21	2928	PRJNA496333	SAMN09724271
Pseudanabaena sp. ABRG5-3		strain: ABRG5-3	685565	ASM396701v1	GCF_003967015.1	RefSeq	From INSDC submitter	Complete Genome	4796642	5657972	2018-01-04	5114	PRJDB4831	SAMD00051590
Thermosynechococcus vulcanus NIES-2134		strain: NIES-2134	2005468	ASM399066v2	GCF_003990665.1	RefSeq	From INSDC submitter	Complete Genome	2571271	2571271	2017-10-25	2505	PRJDB5665	SAMD00081177
Synechococcus sp. WH 8101		strain: WH 8101	59932	ASM420977v1	GCF_004209775.1	RefSeq	From INSDC submitter	Complete Genome	2630292	2630292	2019-02-19	2816	PRJNA518918	SAMN10863495
Euhalothece natronophila Z-M001		strain: Z-M001	522448	ASM790408v1	GCF_007904085.1	RefSeq	From INSDC submitter	Complete Genome	3326959	3524308	2019-08-08	3487	PRJNA557809	SAMN12419044
Dolichospermum sp. UHCC 0315A		strain: UHCC 0315A	1914871	ASM812153v1	GCF_008121535.1	RefSeq	From INSDC submitter	Complete Genome	5407479	5642022	2019-08-28	5205	PRJNA377208	SAMN05967626
Thermosynechococcus sp. CL-1		strain: CL-1	2583530	ASM838623v1	GCF_008386235.1	RefSeq	From INSDC submitter	Complete Genome	2647823	2647823	2019-09-16	2599	PRJNA544238	SAMN11823200
Synechococcus sp. RSCCF101		strain: RSCCF101	2511069	ASM880707v1	GCF_008807075.1	RefSeq	From INSDC submitter	Complete Genome	2984853	2984853	2019-10-03	2896	PRJNA518028	SAMN10850838
Nostoc sphaeroides CCNUC1		isolate: CCNUC1	2653204	ASM937219v1	GCF_009372195.1	RefSeq	From INSDC submitter	Complete Genome	6481972	9516388	2019-10-28	8556	PRJNA576362	SAMN12992885
Anabaena sp. YBS01		strain: YBS01	2490939	ASM949801v1	GCF_009498015.1	RefSeq	From INSDC submitter	Complete Genome	7013200	7013200	2019-11-04	5892	PRJNA505418	SAMN10417483
Microcystis aeruginosa FD4		strain: FD4	2686288	ASM979223v1	GCF_009792235.1	RefSeq	From INSDC submitter	Complete Genome	5449501	5493112	2019-12-23	5467	PRJNA595771	SAMN13567245
Trichormus variabilis 0441		strain: 0441	375899	ASM985660v1	GCF_009856605.1	RefSeq	From INSDC submitter	Complete Genome	6377767	7096012	2020-01-11	5938	PRJNA598299	SAMN13702813
Nostoc sp. ATCC 53789		strain: ATCC 53789	76335	ASM987349v1	GCF_009873495.1	RefSeq	From INSDC submitter	Complete Genome	7340101	8653730	2020-01-14	7262	PRJNA588357	SAMN13242330
Microcystis aeruginosa NIES-298		strain: NIES-298	449468	ASM1019642v1	GCF_010196425.1	RefSeq	From INSDC submitter	Complete Genome	4997809	5015081	2020-02-05	4752	PRJNA490627	SAMN10054359
Tolypothrix sp. PCC 7910		strain: PCC 7910	2099387	ASM1176952v1	GCF_011769525.1	RefSeq	From INSDC submitter	Complete Genome	8479123	8761534	2020-03-30	7079	PRJNA610494	SAMN14299416
Oxynema sp. AP17		strain: AP17	2064643	ASM1229552v1	GCF_012295525.1	RefSeq	From INSDC submitter	Complete Genome	6357750	6357750	2020-04-15	5065	PRJNA614629	SAMN14410527
Dolichospermum flos-aquae CCAP 1403/13F		strain: CCAP 1403/13f	315271	ASM1251639v1	GCF_012516395.1	RefSeq	From INSDC submitter	Complete Genome	5151752	5220684	2020-04-19	4930	PRJNA622823	SAMN14567401
Thermoleptolyngbya sp. PKUAC-SCTA183		strain: PKUAC-SCTA183	2737172	ASM1317731v1	GCF_013177315.1	RefSeq	From INSDC submitter	Complete Genome	5525100	5525100	2020-05-27	4580	PRJNA633431	SAMN14943777
Nostoc sp. TCL240-02		isolate: TCL240-02	2572090	ASM1334323v1	GCF_013343235.1	RefSeq	From INSDC submitter	Complete Genome	7887247	7887247	2020-06-15	6777	PRJNA534312	SAMN11484046
Nostoc sp. C052		strain: C052	2576902	ASM1339390v1	GCF_013393905.1	RefSeq	From INSDC submitter	Complete Genome	7828336	9879831	2020-07-08	8405	PRJNA534312	SAMN11587828
Nostoc sp. C057		strain: C057	2576903	ASM1339392v1	GCF_013393925.1	RefSeq	From INSDC submitter	Complete Genome	7495445	9234448	2020-07-08	8047	PRJNA534312	SAMN11587924
Nostoc sp. TCL26-01		strain: TCL26-01	2576904	ASM1339394v1	GCF_013393945.1	RefSeq	From INSDC submitter	Complete Genome	6765102	7387676	2020-07-08	6409	PRJNA534312	SAMN11588057
Nostoc edaphicum CCNP1411		strain: CCNP1411	1472755	ASM1402327v1	GCF_014023275.1	RefSeq	From INSDC submitter	Complete Genome	7733505	8316316	2020-07-31	6970	PRJNA638531	SAMN15196599
Synechococcus sp. LTW-R		strain: LTW-R	2751170	ASM1421787v1	GCF_014217875.1	RefSeq	From INSDC submitter	Complete Genome	2415533	2415533	2020-08-17	2641	PRJNA645008	SAMN15487727
Synechococcus sp. TAK9802		strain: TAK9802	1442558	ASM1427953v1	GCF_014279535.1	RefSeq	From INSDC submitter	Complete Genome	2190394	2190394	2020-08-24	2491	PRJNA596899	SAMN13641351
Synechococcus sp. SYN20		strain: SYN20	1050714	ASM1427955v1	GCF_014279555.1	RefSeq	From INSDC submitter	Complete Genome	2728628	2728628	2020-08-24	2866	PRJNA596899	SAMN13641329
Synechococcus sp. RS9909		strain: RS9909	221352	ASM1427959v1	GCF_014279595.1	RefSeq	From INSDC submitter	Complete Genome	2603169	2603169	2020-08-24	2758	PRJNA596899	SAMN13641345
Synechococcus sp. RS9907		strain: RS9907	221350	ASM1427961v1	GCF_014279615.1	RefSeq	From INSDC submitter	Complete Genome	2581635	2581635	2020-08-24	2782	PRJNA596899	SAMN13641344
Synechococcus sp. RS9902		strain: RS9902	221345	ASM1427963v1	GCF_014279635.1	RefSeq	From INSDC submitter	Complete Genome	2481217	2481217	2020-08-24	2698	PRJNA596899	SAMN13641339
Synechococcus sp. ROS8604		strain: ROS8604	1442557	ASM1427965v1	GCF_014279655.1	RefSeq	From INSDC submitter	Complete Genome	2876904	2876904	2020-08-24	3091	PRJNA596899	SAMN13641342
Synechococcus sp. PROS-U-1		strain: PROS-U-1	1400866	ASM1427975v1	GCF_014279755.1	RefSeq	From INSDC submitter	Complete Genome	2576003	2576003	2020-08-24	2761	PRJNA596899	SAMN13641337
Synechococcus sp. PROS-9-1		strain: PROS-9-1	1968775	ASM1427977v1	GCF_014279775.1	RefSeq	From INSDC submitter	Complete Genome	2273940	2273940	2020-08-24	2411	PRJNA596899	SAMN13641327
Synechococcus sp. PROS-7-1		strain: PROS-7-1	1442556	ASM1427979v1	GCF_014279795.1	RefSeq	From INSDC submitter	Complete Genome	2565218	2565218	2020-08-24	2757	PRJNA596899	SAMN13641343
Synechococcus sp. NOUM97013		strain: NOUM97013	1442555	ASM1427981v1	GCF_014279815.1	RefSeq	From INSDC submitter	Complete Genome	2552712	2552712	2020-08-24	2721	PRJNA596899	SAMN13641347
Synechococcus sp. MVIR-18-1		strain: MVIR-18-1	1386941	ASM1427983v1	GCF_014279835.1	RefSeq	From INSDC submitter	Complete Genome	2451974	2451974	2020-08-24	2628	PRJNA596899	SAMN13641346
Synechococcus sp. Minos11		strain: MINOS11	221341	ASM1427985v1	GCF_014279855.1	RefSeq	From INSDC submitter	Complete Genome	2284343	2284343	2020-08-24	2555	PRJNA596899	SAMN13641335
Synechococcus sp. MEDNS5		strain: MEDNS5	1442554	ASM1427987v1	GCF_014279875.1	RefSeq	From INSDC submitter	Complete Genome	2435869	2435869	2020-08-24	2606	PRJNA596899	SAMN13641336
Synechococcus sp. M16.1		strain: M16.1	1442553	ASM1427989v1	GCF_014279895.1	RefSeq	From INSDC submitter	Complete Genome	2112236	2112236	2020-08-24	2390	PRJNA596899	SAMN13641334
Synechococcus sp. BMK-MC-1		strain: BMK-MC-1	1442551	ASM1427995v1	GCF_014279955.1	RefSeq	From INSDC submitter	Complete Genome	2601150	2601150	2020-08-24	2897	PRJNA596899	SAMN13641349
Synechococcus sp. BIOS-U3-1		strain: BIOS-U3-1	1400865	ASM1427997v1	GCF_014279975.1	RefSeq	From INSDC submitter	Complete Genome	2710834	2710834	2020-08-24	2917	PRJNA596899	SAMN13641352
Synechococcus sp. A18-46.1		strain: A18-46.1	1866940	ASM1428001v1	GCF_014280015.1	RefSeq	From INSDC submitter	Complete Genome	2471770	2471770	2020-08-24	2708	PRJNA596899	SAMN13641333
Synechococcus sp. A18-25c		strain: A18-25c	1866938	ASM1428003v1	GCF_014280035.1	RefSeq	From INSDC submitter	Complete Genome	2511360	2511360	2020-08-24	2698	PRJNA596899	SAMN13641331
Synechococcus sp. A18-40		strain: A18-40	1866939	ASM1428005v1	GCF_014280055.1	RefSeq	From INSDC submitter	Complete Genome	2401547	2401547	2020-08-24	2721	PRJNA596899	SAMN13641332
Synechococcus sp. A15-62		strain: A15-62	1050657	ASM1428007v1	GCF_014280075.1	RefSeq	From INSDC submitter	Complete Genome	2294140	2294140	2020-08-24	2585	PRJNA596899	SAMN13641338
Synechococcus sp. A15-60		strain: A15-60	1050655	ASM1428009v1	GCF_014280095.1	RefSeq	From INSDC submitter	Complete Genome	2543402	2543402	2020-08-24	2730	PRJNA596899	SAMN13641355
Synechococcus sp. A15-44		strain: A15-44	1050646	ASM1428011v1	GCF_014280115.1	RefSeq	From INSDC submitter	Complete Genome	2621965	2621965	2020-08-24	2911	PRJNA596899	SAMN13641350
Synechococcus sp. A15-28		strain: A15-28	1050638	ASM1428017v1	GCF_014280175.1	RefSeq	From INSDC submitter	Complete Genome	2341586	2341586	2020-08-24	2628	PRJNA596899	SAMN13641357
Synechococcus sp. A15-24		strain: A15-24	1050635	ASM1428019v1	GCF_014280195.1	RefSeq	From INSDC submitter	Complete Genome	2305373	2305373	2020-08-24	2572	PRJNA596899	SAMN13641328
Synechococcus sp. A15-127		strain: A15-127	1050624	ASM1428021v1	GCF_014280215.1	RefSeq	From INSDC submitter	Complete Genome	2543463	2543463	2020-08-24	2685	PRJNA596899	SAMN13641340
Cyanobium sp. NS01		strain: NS01	261284	ASM1428023v1	GCF_014280235.1	RefSeq	From INSDC submitter	Complete Genome	2748087	2748087	2020-08-24	2858	PRJNA596899	SAMN13641348
Synechococcus sp. WH 8101		strain: WH 8101	59932	ASM1430479v1	GCF_014304795.1	RefSeq	From INSDC submitter	Complete Genome	2623023	2623023	2020-08-26	2811	PRJNA596899	SAMN13641356
Synechococcus sp. MIT S9220		strain: MIT S9220	166309	ASM1430481v1	GCF_014304815.1	RefSeq	From INSDC submitter	Complete Genome	2424175	2424175	2020-08-26	2646	PRJNA596899	SAMN13641330
Cylindrospermopsis curvispora GIHE-G1		strain: GIHE-G1	2666332	ASM1448941v1	GCF_014489415.1	RefSeq	From INSDC submitter	Complete Genome	3910736	4057210	2020-09-06	3621	PRJNA616171	SAMN15834505
Synechococcus sp. CBW1108		strain: CBW1108	1353147	ASM1584033v1	GCF_015840335.1	RefSeq	From INSDC submitter	Complete Genome	3226220	3226220	2020-12-08	3468	PRJNA657291	SAMN15824355
Synechococcus sp. CBW1006		strain: CBW1006	1353138	ASM1584052v1	GCF_015840525.1	RefSeq	From INSDC submitter	Complete Genome	3860130	3860130	2020-12-08	3815	PRJNA657291	SAMN15824354
Synechococcus sp. CBW1004		strain: CBW1004	1353136	ASM1584071v1	GCF_015840715.1	RefSeq	From INSDC submitter	Complete Genome	3672318	3672318	2020-12-08	3491	PRJNA657291	SAMN15824353
Synechococcus sp. CBW1002		strain: CBW1002	1353134	ASM1584091v1	GCF_015840915.1	RefSeq	From INSDC submitter	Complete Genome	3854122	3854122	2020-12-08	3780	PRJNA657291	SAMN15824352
Synechococcus sp. CBW1107		strain: CBW1107	2789857	ASM1584135v1	GCF_015841355.1	RefSeq	From INSDC submitter	Complete Genome	3202093	3202093	2020-12-08	3333	PRJNA657291	SAMN16790668
Leptolyngbya sp. BL0902		strain: BL0902	1115757	ASM1640310v1	GCF_016403105.1	RefSeq	From INSDC submitter	Complete Genome	4309234	4710209	2020-12-26	4171	PRJNA580147	SAMN13008645
[Phormidium] sp. ETS-05		strain: ETS-05	222819	ASM1644639v1	GCF_016446395.1	RefSeq	From INSDC submitter	Complete Genome	6286783	6286783	2020-12-30	5492	PRJNA622676	SAMN14525496
Arthrospira sp. PCC 9108		strain: PCC 9108	147317	ASM1674531v1	GCF_016745315.1	RefSeq	From INSDC submitter	Complete Genome	6763964	6763964	2021-01-22	6500	PRJNA506019	SAMN10440999
Thermoleptolyngbya sp. PKUAC-SCTB121		strain: PKUAC-SCTB121	2811482	ASM1691948v1	GCF_016919485.1	RefSeq	From INSDC submitter	Complete Genome	5490383	5490383	2021-02-23	4502	PRJNA701401	SAMN17865207
Thermosynechococcus sp. TA-1		strain: TA-1	2813673	ASM1708638v1	GCF_017086385.1	RefSeq	From INSDC submitter	Complete Genome	2658717	2658717	2021-03-01	2605	PRJNA702872	SAMN17981212
Nostoc sp. UHCC 0702		strain: UHCC 0702	2814655	ASM1716401v1	GCF_017164015.1	RefSeq	From INSDC submitter	Complete Genome	8587404	8587404	2021-03-04	7572	PRJNA704553	SAMN18043900
Cylindrospermopsis raciborskii N8		strain: N8	1524929	ASM1813902v1	GCF_018139025.1	RefSeq	From INSDC submitter	Complete Genome	3857174	3857174	2021-04-25	3452	PRJNA719955	SAMN18628978
Synechocystis sp. PCC 7338		strain: PCC 7338	2732530	ASM1828211v1	GCF_018282115.1	RefSeq	From INSDC submitter	Complete Genome	3704690	3832803	2021-05-05	3590	PRJNA629670	SAMN14786169
Acaryochloris marina S15		strain: S15	2762553	ASM1833691v1	GCF_018336915.1	RefSeq	From INSDC submitter	Complete Genome	5881945	7112772	2021-05-11	6388	PRJNA649288	SAMN15662376
Anthocerotibacter panamensis C109		strain: C109	2778476	ASM1838938v1	GCF_018389385.1	RefSeq	From INSDC submitter	Complete Genome	4187797	4187797	2021-05-17	3993	PRJNA665722	SAMN16265294
Synechocystis sp. PCC 6803		strain: PCC 6803	1148	ASM1884509v1	GCF_018845095.1	RefSeq	From INSDC submitter	Complete Genome	3571181	3947544	2021-06-11	3689	PRJNA715740	SAMN18375591
Richelia sinica FACHB-800		strain: FACHB 800	1357546	ASM1905657v1	GCF_019056575.1	RefSeq	From INSDC submitter	Complete Genome	5729487	5729487	2021-06-29	4795	PRJNA380678	SAMN06603501
Cyanobium sp. NIES-981		strain: NIES-981	1851505	ASM90008853v1	GCF_900088535.1	RefSeq	From INSDC submitter	Complete Genome	3021545	3021545	2016-06-02	3057	PRJEB14035	SAMEA4005231
